{
    "sum": 17038.190000000002,
    "min": 1.0,
    "max": 5.0,
    "mean": 3.001795278365046
}